{"cameraMode":{"drawMode":0,"name":"Shaded","section":"Shading Mode"},"sceneLighting":true,"audioPlay":false,"sceneViewState":{"showFog":true,"showMaterialUpdate":false,"showSkybox":true,"showFlares":true,"showImageEffects":true,"showParticleSystems":true},"in2DMode":false,"pivot":{"x":1.1346023082733155,"y":-0.04681164026260376,"z":118.25712585449219},"rotation":{"x":-0.04654913395643234,"y":0.9534271955490112,"z":-0.21551798284053803,"w":-0.20590592920780183},"size":3.9681146144866945,"orthographic":false}